question,answer,chapter
একটি সংখ্যার বাইনারি ফর্মে প্রতিটি বিটের অবস্থান এবং মান কীভাবে বোঝা যায় এবং এটি কি তথ্য উপস্থাপনা ও সঞ্চয়স্থানের জন্য কীভাবে ব্যবহৃত হয়?,"একটি সংখ্যার বাইনারি ফর্মে প্রতিটি বিটের অবস্থান এবং মান বোঝা যায় বাইনারি সংখ্যা পদ্ধতির মাধ্যমে। বাইনারি সংখ্যা পদ্ধতিতে, প্রতিটি বিট একটি 2 এর ক্ষমতা দ্বারা গুণিত হয়। ডান দিক থেকে বাম দিকে, প্রতিটি বিটের অবস্থান 2^0, 2^1, 2^2, ... দ্বারা প্রকাশ করা হয়।

উদাহরণস্বরূপ, 245 সংখ্যাটির বাইনারি ফর্ম হল 11110101। এখানে, ডান দিক থেকে বাম দিকে, প্রতিটি বিটের অবস্থান এবং মান হল:
- 2^0 = 1
- 2^1 = 0
- 2^2 = 1
- 2^3 = 0
- 2^4 = 1
- 2^5 = 1
- 2^6 = 1
- 2^7 = 1

এই তথ্য উপস্থাপনা এবং সঞ্চয়স্থানের জন্য ব্যবহৃত হয় কম্পিউটারে। কম্পিউটার সমস্ত তথ্য বাইনারি ফর্মে সঞ্চয় করে এবং প্রক্রিয়া করে।","কিছু ব্রুটফোর্স, ব্যাকট্র্যাকিং এবং বিটমাস্ক ট্রিকস"
ম্যাট্রিক্স এক্সপোনেন্সিয়েশন কীভাবে ফিবোনাচি সিরিজের n-তম পদ গণনা করতে ব্যবহৃত হয়?,"ম্যাট্রিক্স এক্সপোনেন্সিয়েশন ফিবোনাচি সিরিজের n-তম পদ গণনা করতে ব্যবহৃত হয় কারণ এটি লিনিয়ার রিকারেন্স সম্পর্ক সমাধানের জন্য একটি কার্যকর পদ্ধতি। ফিবোনাচি সিরিজ হল একটি লিনিয়ার রিকারেন্স সম্পর্ক যেখানে প্রতিটি পদ পূর্ববর্তী দুটি পদের যোগফল। ম্যাট্রিক্স এক্সপোনেন্সিয়েশনের সাহায্যে, আমরা O(log n) সময় জটিলতায় ফিবোনাচি সিরিজের n-তম পদ গণনা করতে পারি।",ম্যাট্রিক্স এক্সপোনেন্সিয়েশন
০/১ ন্যাপস্যাক সমস্যার সমাধানে ডায়নামিক প্রোগ্রামিং ব্যবহার করা হয়। এই পদ্ধতির সময় জটিলতা কত?,O(W × P ki),ন্যাপস্যাক
ব্যারিকেডস ট্রিক সমস্যাটি কী ধরনের গ্রাফের সাথে সম্পর্কিত?,"ব্যারিকেডস ট্রিক সমস্যাটি একটি ট্রি গ্রাফের সাথে সম্পর্কিত, যেখানে একটি দ্বীপের শহরগুলো এবং তাদের মধ্যে একমুখী রাস্তা রয়েছে।",ব্যারিকেডস ট্রিক
পলিনমিয়াল ইন্টারপোলেশন কী?,পলিনমিয়াল ইন্টারপোলেশন হলো একটি প্রক্রিয়া যেখানে একটি অজানা পলিনমিয়াল P(x) এর মান n+1 টি ভিন্ন x এর জন্য দেওয়া থাকলে P(x) নির্ণয় করা যায়।,পলিনমিয়াল ইন্টারপোলেশন
ডিজিট ডিপি কৌশলটি কীভাবে সংখ্যা তৈরি করতে ব্যবহৃত হয়?,"ডিজিট ডিপি কৌশলটি সংখ্যা তৈরি করতে ব্যবহৃত হয় যেমন একটি সংখ্যার কিছু অঙ্ক দেওয়া হলে বাকি অঙ্কগুলো পূরণ করতে হয়। এই কৌশলে, সংখ্যার অঙ্কগুলিকে বাম থেকে ডানে এক এক করে তুলনা করা হয়। যদি একটি সংখ্যার অঙ্ক অন্যটির চেয়ে বড় হয়, তবে সেটি বড় সংখ্যা বলে ঘোষণা করা হয়। এই কৌশলটি সংখ্যা তৈরি করার সময়ও ব্যবহৃত হয়, যেমন একটি সংখ্যার কিছু অঙ্ক দেওয়া হলে বাকি অঙ্কগুলো পূরণ করতে হয়।",ডিজিট ডিপি
